<?xml version="1.0" encoding="UTF-8"?>
<EngineeringData version="12.0">
  <Notes />
  <Materials>
    <MatML_Doc>
      <Material>
        <BulkDetails>
          <Name>Structural Steel</Name>
          <Description>Fatigue Data at zero mean stress comes from 1998 ASME BPV Code, Section 8, Div 2, Table 5-110.1</Description>
          <PropertyData property="pr0">
            <Data format="float">0</Data>
            <Qualifier name="Variable Type">Dependent</Qualifier>
            <Qualifier name="Offset">0 [Pa]</Qualifier>
            <Qualifier name="Scale">1</Qualifier>
            <Qualifier name="Units">Pa</Qualifier>
          </PropertyData>
          <PropertyData property="pr1">
            <Data format="float">250000000</Data>
            <Qualifier name="Variable Type">Dependent</Qualifier>
            <Qualifier name="Offset">0 [Pa]</Qualifier>
            <Qualifier name="Scale">1</Qualifier>
            <Qualifier name="Units">Pa</Qualifier>
          </PropertyData>
          <PropertyData property="pr2">
            <Data format="float">7850</Data>
            <Qualifier name="Variable Type">Dependent</Qualifier>
            <Qualifier name="Offset">0 [kg m^-3]</Qualifier>
            <Qualifier name="Scale">1</Qualifier>
            <Qualifier name="Units">kg m^-3</Qualifier>
            <ParameterValue parameter="pa0" format="float">
              <Data>7.88860905221012e-31</Data>
              <Qualifier name="Variable Type">Independent</Qualifier>
              <Qualifier name="Offset">0 [C]</Qualifier>
              <Qualifier name="Scale">1</Qualifier>
              <Qualifier name="Units">C</Qualifier>
            </ParameterValue>
          </PropertyData>
          <PropertyData property="pr3">
            <Data format="float">36259.4201973673</Data>
            <Qualifier name="Variable Type">Dependent</Qualifier>
            <Qualifier name="Offset">0 [Pa]</Qualifier>
            <Qualifier name="Scale">1</Qualifier>
            <Qualifier name="Units">psi</Qualifier>
          </PropertyData>
          <PropertyData property="pr4">
            <Data format="float">460000000</Data>
            <Qualifier name="Variable Type">Dependent</Qualifier>
            <Qualifier name="Offset">0 [Pa]</Qualifier>
            <Qualifier name="Scale">1</Qualifier>
            <Qualifier name="Units">Pa</Qualifier>
          </PropertyData>
          <PropertyData property="pr5">
            <Data format="float">1.2e-05</Data>
            <Qualifier name="Variable Type">Dependent</Qualifier>
            <Qualifier name="Offset">0 [C^-1]</Qualifier>
            <Qualifier name="Scale">1</Qualifier>
            <Qualifier name="Units">C^-1</Qualifier>
            <ParameterValue parameter="pa0" format="float">
              <Data>7.88860905221012e-31</Data>
              <Qualifier name="Variable Type">Independent</Qualifier>
              <Qualifier name="Offset">0 [C]</Qualifier>
              <Qualifier name="Scale">1</Qualifier>
              <Qualifier name="Units">C</Qualifier>
            </ParameterValue>
          </PropertyData>
          <PropertyData property="pr6">
            <Data format="float">22</Data>
            <Qualifier name="Variable Type">Dependent</Qualifier>
            <Qualifier name="Offset">0 [C]</Qualifier>
            <Qualifier name="Scale">1</Qualifier>
            <Qualifier name="Units">C</Qualifier>
            <ParameterValue parameter="pa1" format="string">
              <Data>Coefficient of Thermal Expansion</Data>
            </ParameterValue>
          </PropertyData>
          <PropertyData property="pr7">
            <Data format="float">434</Data>
            <Qualifier name="Variable Type">Dependent</Qualifier>
            <Qualifier name="Offset">0 [J kg^-1 C^-1]</Qualifier>
            <Qualifier name="Scale">1</Qualifier>
            <Qualifier name="Units">J kg^-1 C^-1</Qualifier>
            <ParameterValue parameter="pa0" format="float">
              <Data>7.88860905221012e-31</Data>
              <Qualifier name="Variable Type">Independent</Qualifier>
              <Qualifier name="Offset">0 [C]</Qualifier>
              <Qualifier name="Scale">1</Qualifier>
              <Qualifier name="Units">C</Qualifier>
            </ParameterValue>
          </PropertyData>
          <PropertyData property="pr8">
            <Data format="string">-</Data>
            <Qualifier name="Definition Method">Isotropic</Qualifier>
            <ParameterValue parameter="pa2" format="float">
              <Data>60.5</Data>
              <Qualifier name="Variable Type">Dependent</Qualifier>
              <Qualifier name="Offset">0 [W m^-1 C^-1]</Qualifier>
              <Qualifier name="Scale">1</Qualifier>
              <Qualifier name="Units">W m^-1 C^-1</Qualifier>
            </ParameterValue>
            <ParameterValue parameter="pa0" format="float">
              <Data>21</Data>
              <Qualifier name="Variable Type">Independent</Qualifier>
              <Qualifier name="Offset">0 [C]</Qualifier>
              <Qualifier name="Scale">1</Qualifier>
              <Qualifier name="Units">C</Qualifier>
            </ParameterValue>
          </PropertyData>
          <PropertyData property="pr9">
            <Data format="string">-</Data>
            <Qualifier name="Definition Method">Mean Stress</Qualifier>
            <Qualifier name="Interpolation">Log-Log</Qualifier>
            <ParameterValue parameter="pa3" format="float">
              <Data>3999000000,2827000000,1896000000,1413000000,1069000000,441000000,262000000,214000000,138000000,114000000,86200000</Data>
              <Qualifier name="Variable Type">Dependent,Dependent,Dependent,Dependent,Dependent,Dependent,Dependent,Dependent,Dependent,Dependent,Dependent</Qualifier>
              <Qualifier name="Offset">0 [Pa],0 [Pa],0 [Pa],0 [Pa],0 [Pa],0 [Pa],0 [Pa],0 [Pa],0 [Pa],0 [Pa],0 [Pa]</Qualifier>
              <Qualifier name="Scale">1,1,1,1,1,1,1,1,1,1,1</Qualifier>
              <Qualifier name="Units">Pa,Pa,Pa,Pa,Pa,Pa,Pa,Pa,Pa,Pa,Pa</Qualifier>
            </ParameterValue>
            <ParameterValue parameter="pa4" format="float">
              <Data>10,20,50,100,200,2000,10000,20000,100000,200000,1000000</Data>
              <Qualifier name="Variable Type">Independent,Independent,Independent,Independent,Independent,Independent,Independent,Independent,Independent,Independent,Independent</Qualifier>
              <Qualifier name="Offset">0,0,0,0,0,0,0,0,0,0,0</Qualifier>
              <Qualifier name="Scale">1,1,1,1,1,1,1,1,1,1,1</Qualifier>
              <Qualifier name="Units">,,,,,,,,,,</Qualifier>
            </ParameterValue>
            <ParameterValue parameter="pa5" format="float">
              <Data>0,0,0,0,0,0,0,0,0,0,0</Data>
              <Qualifier name="Variable Type">Independent,Independent,Independent,Independent,Independent,Independent,Independent,Independent,Independent,Independent,Independent</Qualifier>
              <Qualifier name="Offset">0 [Pa],0 [Pa],0 [Pa],0 [Pa],0 [Pa],0 [Pa],0 [Pa],0 [Pa],0 [Pa],0 [Pa],0 [Pa]</Qualifier>
              <Qualifier name="Scale">1,1,1,1,1,1,1,1,1,1,1</Qualifier>
              <Qualifier name="Units">Pa,Pa,Pa,Pa,Pa,Pa,Pa,Pa,Pa,Pa,Pa</Qualifier>
            </ParameterValue>
          </PropertyData>
          <PropertyData property="pr10">
            <Data format="string">-</Data>
            <Qualifier name="Display Curve Type">Strain-Life</Qualifier>
            <ParameterValue parameter="pa6" format="float">
              <Data>920000000</Data>
              <Qualifier name="Variable Type">Dependent</Qualifier>
              <Qualifier name="Offset">0 [Pa]</Qualifier>
              <Qualifier name="Scale">1</Qualifier>
              <Qualifier name="Units">Pa</Qualifier>
            </ParameterValue>
            <ParameterValue parameter="pa7" format="float">
              <Data>-0.106</Data>
              <Qualifier name="Variable Type">Dependent</Qualifier>
              <Qualifier name="Offset">0</Qualifier>
              <Qualifier name="Scale">1</Qualifier>
              <Qualifier name="Units">
              </Qualifier>
            </ParameterValue>
            <ParameterValue parameter="pa8" format="float">
              <Data>0.213</Data>
              <Qualifier name="Variable Type">Dependent</Qualifier>
              <Qualifier name="Offset">0</Qualifier>
              <Qualifier name="Scale">1</Qualifier>
              <Qualifier name="Units">
              </Qualifier>
            </ParameterValue>
            <ParameterValue parameter="pa9" format="float">
              <Data>-0.47</Data>
              <Qualifier name="Variable Type">Dependent</Qualifier>
              <Qualifier name="Offset">0</Qualifier>
              <Qualifier name="Scale">1</Qualifier>
              <Qualifier name="Units">
              </Qualifier>
            </ParameterValue>
            <ParameterValue parameter="pa10" format="float">
              <Data>1000000000</Data>
              <Qualifier name="Variable Type">Dependent</Qualifier>
              <Qualifier name="Offset">0 [Pa]</Qualifier>
              <Qualifier name="Scale">1</Qualifier>
              <Qualifier name="Units">Pa</Qualifier>
            </ParameterValue>
            <ParameterValue parameter="pa11" format="float">
              <Data>0.2</Data>
              <Qualifier name="Variable Type">Dependent</Qualifier>
              <Qualifier name="Offset">0</Qualifier>
              <Qualifier name="Scale">1</Qualifier>
              <Qualifier name="Units">
              </Qualifier>
            </ParameterValue>
          </PropertyData>
          <PropertyData property="pr11">
            <Data format="float">10000</Data>
            <Qualifier name="Variable Type">Dependent</Qualifier>
            <Qualifier name="Offset">0</Qualifier>
            <Qualifier name="Scale">1</Qualifier>
            <Qualifier name="Units">
            </Qualifier>
          </PropertyData>
          <PropertyData property="pr12">
            <Data format="string">-</Data>
            <Qualifier name="Definition Method">Isotropic</Qualifier>
            <ParameterValue parameter="pa12" format="float">
              <Data>1.7e-07</Data>
              <Qualifier name="Variable Type">Dependent</Qualifier>
              <Qualifier name="Offset">0 [ohm m]</Qualifier>
              <Qualifier name="Scale">1</Qualifier>
              <Qualifier name="Units">ohm m</Qualifier>
            </ParameterValue>
            <ParameterValue parameter="pa0" format="float">
              <Data>7.88860905221012e-31</Data>
              <Qualifier name="Variable Type">Independent</Qualifier>
              <Qualifier name="Offset">0 [C]</Qualifier>
              <Qualifier name="Scale">1</Qualifier>
              <Qualifier name="Units">C</Qualifier>
            </ParameterValue>
          </PropertyData>
          <PropertyData property="pr13">
            <Data format="string">-</Data>
            <ParameterValue parameter="pa13" format="float">
              <Data>29000000</Data>
              <Qualifier name="Variable Type">Dependent</Qualifier>
              <Qualifier name="Offset">0 [Pa]</Qualifier>
              <Qualifier name="Scale">1</Qualifier>
              <Qualifier name="Units">psi</Qualifier>
            </ParameterValue>
            <ParameterValue parameter="pa14" format="float">
              <Data>0.3</Data>
              <Qualifier name="Variable Type">Dependent</Qualifier>
              <Qualifier name="Offset">0</Qualifier>
              <Qualifier name="Scale">1</Qualifier>
              <Qualifier name="Units">
              </Qualifier>
            </ParameterValue>
            <ParameterValue parameter="pa0" format="float">
              <Data>7.88860905221012e-31</Data>
              <Qualifier name="Variable Type">Independent</Qualifier>
              <Qualifier name="Offset">0 [C]</Qualifier>
              <Qualifier name="Scale">1</Qualifier>
              <Qualifier name="Units">C</Qualifier>
            </ParameterValue>
          </PropertyData>
        </BulkDetails>
      </Material>
      <Metadata>
        <ParameterDetails id="pa0">
          <Name>Temperature</Name>
        </ParameterDetails>
        <ParameterDetails id="pa1">
          <Name>Material Property</Name>
        </ParameterDetails>
        <ParameterDetails id="pa2">
          <Name>Thermal Conductivity</Name>
        </ParameterDetails>
        <ParameterDetails id="pa3">
          <Name>Alternating Stress</Name>
        </ParameterDetails>
        <ParameterDetails id="pa4">
          <Name>Cycles</Name>
        </ParameterDetails>
        <ParameterDetails id="pa5">
          <Name>Mean Stress</Name>
        </ParameterDetails>
        <ParameterDetails id="pa6">
          <Name>Strength Coefficient</Name>
        </ParameterDetails>
        <ParameterDetails id="pa7">
          <Name>Strength Exponent</Name>
        </ParameterDetails>
        <ParameterDetails id="pa8">
          <Name>Ductility Coefficient</Name>
        </ParameterDetails>
        <ParameterDetails id="pa9">
          <Name>Ductility Exponent</Name>
        </ParameterDetails>
        <ParameterDetails id="pa10">
          <Name>Cyclic Strength Coefficient</Name>
        </ParameterDetails>
        <ParameterDetails id="pa11">
          <Name>Cyclic Strain Hardening Exponent</Name>
        </ParameterDetails>
        <ParameterDetails id="pa12">
          <Name>Resistivity</Name>
        </ParameterDetails>
        <ParameterDetails id="pa13">
          <Name>Young's Modulus</Name>
        </ParameterDetails>
        <ParameterDetails id="pa14">
          <Name>Poisson's Ratio</Name>
        </ParameterDetails>
        <PropertyDetails id="pr0">
          <Name>Compressive Ultimate Strength</Name>
        </PropertyDetails>
        <PropertyDetails id="pr1">
          <Name>Compressive Yield Strength</Name>
        </PropertyDetails>
        <PropertyDetails id="pr2">
          <Name>Density</Name>
        </PropertyDetails>
        <PropertyDetails id="pr3">
          <Name>Tensile Yield Strength</Name>
        </PropertyDetails>
        <PropertyDetails id="pr4">
          <Name>Tensile Ultimate Strength</Name>
        </PropertyDetails>
        <PropertyDetails id="pr5">
          <Name>Coefficient of Thermal Expansion</Name>
        </PropertyDetails>
        <PropertyDetails id="pr6">
          <Name>Reference Temperature</Name>
        </PropertyDetails>
        <PropertyDetails id="pr7">
          <Name>Specific Heat</Name>
        </PropertyDetails>
        <PropertyDetails id="pr8">
          <Name>Thermal Conductivity</Name>
        </PropertyDetails>
        <PropertyDetails id="pr9">
          <Name>Alternating Stress</Name>
        </PropertyDetails>
        <PropertyDetails id="pr10">
          <Name>Strain-Life Parameters</Name>
        </PropertyDetails>
        <PropertyDetails id="pr11">
          <Name>Relative Permeability</Name>
        </PropertyDetails>
        <PropertyDetails id="pr12">
          <Name>Resistivity</Name>
        </PropertyDetails>
        <PropertyDetails id="pr13">
          <Name>Isotropic Elasticity</Name>
        </PropertyDetails>
      </Metadata>
    </MatML_Doc>
  </Materials>
  <Loads />
  <BeamSections />
</EngineeringData>