<?xml version="1.0" encoding="UTF-8"?>
<EngineeringData version="12.0">
  <Notes />
  <Materials>
    <MatML_Doc>
      <Material>
        <BulkDetails>
          <Name>Stainless Steel</Name>
          <PropertyData property="pr0">
            <Data format="float">0</Data>
            <Qualifier name="Variable Type">Dependent</Qualifier>
            <Qualifier name="Offset">0 [Pa]</Qualifier>
            <Qualifier name="Scale">1</Qualifier>
            <Qualifier name="Units">Pa</Qualifier>
          </PropertyData>
          <PropertyData property="pr1">
            <Data format="float">207000000</Data>
            <Qualifier name="Variable Type">Dependent</Qualifier>
            <Qualifier name="Offset">0 [Pa]</Qualifier>
            <Qualifier name="Scale">1</Qualifier>
            <Qualifier name="Units">Pa</Qualifier>
          </PropertyData>
          <PropertyData property="pr2">
            <Data format="float">7750</Data>
            <Qualifier name="Variable Type">Dependent</Qualifier>
            <Qualifier name="Offset">0 [kg m^-3]</Qualifier>
            <Qualifier name="Scale">1</Qualifier>
            <Qualifier name="Units">kg m^-3</Qualifier>
            <ParameterValue parameter="pa0" format="float">
              <Data>7.88860905221012e-31</Data>
              <Qualifier name="Variable Type">Independent</Qualifier>
              <Qualifier name="Offset">0 [C]</Qualifier>
              <Qualifier name="Scale">1</Qualifier>
              <Qualifier name="Units">C</Qualifier>
            </ParameterValue>
          </PropertyData>
          <PropertyData property="pr3">
            <Data format="float">207000000</Data>
            <Qualifier name="Variable Type">Dependent</Qualifier>
            <Qualifier name="Offset">0 [Pa]</Qualifier>
            <Qualifier name="Scale">1</Qualifier>
            <Qualifier name="Units">Pa</Qualifier>
          </PropertyData>
          <PropertyData property="pr4">
            <Data format="float">586000000</Data>
            <Qualifier name="Variable Type">Dependent</Qualifier>
            <Qualifier name="Offset">0 [Pa]</Qualifier>
            <Qualifier name="Scale">1</Qualifier>
            <Qualifier name="Units">Pa</Qualifier>
          </PropertyData>
          <PropertyData property="pr5">
            <Data format="float">1.7e-05</Data>
            <Qualifier name="Variable Type">Dependent</Qualifier>
            <Qualifier name="Offset">0 [C^-1]</Qualifier>
            <Qualifier name="Scale">1</Qualifier>
            <Qualifier name="Units">C^-1</Qualifier>
            <ParameterValue parameter="pa0" format="float">
              <Data>7.88860905221012e-31</Data>
              <Qualifier name="Variable Type">Independent</Qualifier>
              <Qualifier name="Offset">0 [C]</Qualifier>
              <Qualifier name="Scale">1</Qualifier>
              <Qualifier name="Units">C</Qualifier>
            </ParameterValue>
          </PropertyData>
          <PropertyData property="pr6">
            <Data format="float">22</Data>
            <Qualifier name="Variable Type">Dependent</Qualifier>
            <Qualifier name="Offset">0 [C]</Qualifier>
            <Qualifier name="Scale">1</Qualifier>
            <Qualifier name="Units">C</Qualifier>
            <ParameterValue parameter="pa1" format="string">
              <Data>Coefficient of Thermal Expansion</Data>
            </ParameterValue>
          </PropertyData>
          <PropertyData property="pr7">
            <Data format="float">480</Data>
            <Qualifier name="Variable Type">Dependent</Qualifier>
            <Qualifier name="Offset">0 [J kg^-1 C^-1]</Qualifier>
            <Qualifier name="Scale">1</Qualifier>
            <Qualifier name="Units">J kg^-1 C^-1</Qualifier>
            <ParameterValue parameter="pa0" format="float">
              <Data>7.88860905221012e-31</Data>
              <Qualifier name="Variable Type">Independent</Qualifier>
              <Qualifier name="Offset">0 [C]</Qualifier>
              <Qualifier name="Scale">1</Qualifier>
              <Qualifier name="Units">C</Qualifier>
            </ParameterValue>
          </PropertyData>
          <PropertyData property="pr8">
            <Data format="string">-</Data>
            <Qualifier name="Definition Method">Isotropic</Qualifier>
            <ParameterValue parameter="pa2" format="float">
              <Data>15.1</Data>
              <Qualifier name="Variable Type">Dependent</Qualifier>
              <Qualifier name="Offset">0 [W m^-1 C^-1]</Qualifier>
              <Qualifier name="Scale">1</Qualifier>
              <Qualifier name="Units">W m^-1 C^-1</Qualifier>
            </ParameterValue>
            <ParameterValue parameter="pa0" format="float">
              <Data>21</Data>
              <Qualifier name="Variable Type">Independent</Qualifier>
              <Qualifier name="Offset">0 [C]</Qualifier>
              <Qualifier name="Scale">1</Qualifier>
              <Qualifier name="Units">C</Qualifier>
            </ParameterValue>
          </PropertyData>
          <PropertyData property="pr9">
            <Data format="float">1</Data>
            <Qualifier name="Variable Type">Dependent</Qualifier>
            <Qualifier name="Offset">0</Qualifier>
            <Qualifier name="Scale">1</Qualifier>
            <Qualifier name="Units">
            </Qualifier>
          </PropertyData>
          <PropertyData property="pr10">
            <Data format="string">-</Data>
            <Qualifier name="Definition Method">Isotropic</Qualifier>
            <ParameterValue parameter="pa3" format="float">
              <Data>7.7e-07</Data>
              <Qualifier name="Variable Type">Dependent</Qualifier>
              <Qualifier name="Offset">0 [ohm m]</Qualifier>
              <Qualifier name="Scale">1</Qualifier>
              <Qualifier name="Units">ohm m</Qualifier>
            </ParameterValue>
            <ParameterValue parameter="pa0" format="float">
              <Data>7.88860905221012e-31</Data>
              <Qualifier name="Variable Type">Independent</Qualifier>
              <Qualifier name="Offset">0 [C]</Qualifier>
              <Qualifier name="Scale">1</Qualifier>
              <Qualifier name="Units">C</Qualifier>
            </ParameterValue>
          </PropertyData>
          <PropertyData property="pr11">
            <Data format="string">-</Data>
            <ParameterValue parameter="pa4" format="float">
              <Data>193000000000</Data>
              <Qualifier name="Variable Type">Dependent</Qualifier>
              <Qualifier name="Offset">0 [Pa]</Qualifier>
              <Qualifier name="Scale">1</Qualifier>
              <Qualifier name="Units">Pa</Qualifier>
            </ParameterValue>
            <ParameterValue parameter="pa5" format="float">
              <Data>0.31</Data>
              <Qualifier name="Variable Type">Dependent</Qualifier>
              <Qualifier name="Offset">0</Qualifier>
              <Qualifier name="Scale">1</Qualifier>
              <Qualifier name="Units">
              </Qualifier>
            </ParameterValue>
            <ParameterValue parameter="pa0" format="float">
              <Data>7.88860905221012e-31</Data>
              <Qualifier name="Variable Type">Independent</Qualifier>
              <Qualifier name="Offset">0 [C]</Qualifier>
              <Qualifier name="Scale">1</Qualifier>
              <Qualifier name="Units">C</Qualifier>
            </ParameterValue>
          </PropertyData>
        </BulkDetails>
      </Material>
      <Material>
        <BulkDetails>
          <Name>Aluminum Alloy</Name>
          <Description>General aluminum alloy.  Fatigue properties come from MIL-HDBK-5H, page 3-277. </Description>
          <PropertyData property="pr0">
            <Data format="float">0</Data>
            <Qualifier name="Variable Type">Dependent</Qualifier>
            <Qualifier name="Offset">0 [Pa]</Qualifier>
            <Qualifier name="Scale">1</Qualifier>
            <Qualifier name="Units">Pa</Qualifier>
          </PropertyData>
          <PropertyData property="pr1">
            <Data format="float">280000000</Data>
            <Qualifier name="Variable Type">Dependent</Qualifier>
            <Qualifier name="Offset">0 [Pa]</Qualifier>
            <Qualifier name="Scale">1</Qualifier>
            <Qualifier name="Units">Pa</Qualifier>
          </PropertyData>
          <PropertyData property="pr2">
            <Data format="float">2770</Data>
            <Qualifier name="Variable Type">Dependent</Qualifier>
            <Qualifier name="Offset">0 [kg m^-3]</Qualifier>
            <Qualifier name="Scale">1</Qualifier>
            <Qualifier name="Units">kg m^-3</Qualifier>
            <ParameterValue parameter="pa0" format="float">
              <Data>7.88860905221012e-31</Data>
              <Qualifier name="Variable Type">Independent</Qualifier>
              <Qualifier name="Offset">0 [C]</Qualifier>
              <Qualifier name="Scale">1</Qualifier>
              <Qualifier name="Units">C</Qualifier>
            </ParameterValue>
          </PropertyData>
          <PropertyData property="pr3">
            <Data format="float">280000000</Data>
            <Qualifier name="Variable Type">Dependent</Qualifier>
            <Qualifier name="Offset">0 [Pa]</Qualifier>
            <Qualifier name="Scale">1</Qualifier>
            <Qualifier name="Units">Pa</Qualifier>
          </PropertyData>
          <PropertyData property="pr4">
            <Data format="float">310000000</Data>
            <Qualifier name="Variable Type">Dependent</Qualifier>
            <Qualifier name="Offset">0 [Pa]</Qualifier>
            <Qualifier name="Scale">1</Qualifier>
            <Qualifier name="Units">Pa</Qualifier>
          </PropertyData>
          <PropertyData property="pr5">
            <Data format="float">2.3e-05</Data>
            <Qualifier name="Variable Type">Dependent</Qualifier>
            <Qualifier name="Offset">0 [C^-1]</Qualifier>
            <Qualifier name="Scale">1</Qualifier>
            <Qualifier name="Units">C^-1</Qualifier>
            <ParameterValue parameter="pa0" format="float">
              <Data>7.88860905221012e-31</Data>
              <Qualifier name="Variable Type">Independent</Qualifier>
              <Qualifier name="Offset">0 [C]</Qualifier>
              <Qualifier name="Scale">1</Qualifier>
              <Qualifier name="Units">C</Qualifier>
            </ParameterValue>
          </PropertyData>
          <PropertyData property="pr6">
            <Data format="float">22</Data>
            <Qualifier name="Variable Type">Dependent</Qualifier>
            <Qualifier name="Offset">0 [C]</Qualifier>
            <Qualifier name="Scale">1</Qualifier>
            <Qualifier name="Units">C</Qualifier>
            <ParameterValue parameter="pa1" format="string">
              <Data>Coefficient of Thermal Expansion</Data>
            </ParameterValue>
          </PropertyData>
          <PropertyData property="pr7">
            <Data format="float">875</Data>
            <Qualifier name="Variable Type">Dependent</Qualifier>
            <Qualifier name="Offset">0 [J kg^-1 C^-1]</Qualifier>
            <Qualifier name="Scale">1</Qualifier>
            <Qualifier name="Units">J kg^-1 C^-1</Qualifier>
            <ParameterValue parameter="pa0" format="float">
              <Data>7.88860905221012e-31</Data>
              <Qualifier name="Variable Type">Independent</Qualifier>
              <Qualifier name="Offset">0 [C]</Qualifier>
              <Qualifier name="Scale">1</Qualifier>
              <Qualifier name="Units">C</Qualifier>
            </ParameterValue>
          </PropertyData>
          <PropertyData property="pr8">
            <Data format="string">-</Data>
            <Qualifier name="Definition Method">Isotropic</Qualifier>
            <ParameterValue parameter="pa2" format="float">
              <Data>114,144,165,175</Data>
              <Qualifier name="Variable Type">Dependent,Dependent,Dependent,Dependent</Qualifier>
              <Qualifier name="Offset">0 [W m^-1 C^-1],0 [W m^-1 C^-1],0 [W m^-1 C^-1],0 [W m^-1 C^-1]</Qualifier>
              <Qualifier name="Scale">1,1,1,1</Qualifier>
              <Qualifier name="Units">W m^-1 C^-1,W m^-1 C^-1,W m^-1 C^-1,W m^-1 C^-1</Qualifier>
            </ParameterValue>
            <ParameterValue parameter="pa0" format="float">
              <Data>-100,0,100,200</Data>
              <Qualifier name="Variable Type">Independent,Independent,Independent,Independent</Qualifier>
              <Qualifier name="Offset">0 [C],0 [C],0 [C],0 [C]</Qualifier>
              <Qualifier name="Scale">1,1,1,1</Qualifier>
              <Qualifier name="Units">C,C,C,C</Qualifier>
            </ParameterValue>
          </PropertyData>
          <PropertyData property="pr12">
            <Data format="string">-</Data>
            <Qualifier name="Definition Method">R-Ratio</Qualifier>
            <Qualifier name="Interpolation">Semi-Log</Qualifier>
            <ParameterValue parameter="pa6" format="float">
              <Data>275800000,241300000,206800000,172400000,137900000,117200000,89630000,82740000,170600000,139600000,108600000,87910000,77570000,72390000,144800000,120700000,103400000,93080000,86180000,72390000,74120000,70670000,66360000,62050000</Data>
              <Qualifier name="Variable Type">Dependent,Dependent,Dependent,Dependent,Dependent,Dependent,Dependent,Dependent,Dependent,Dependent,Dependent,Dependent,Dependent,Dependent,Dependent,Dependent,Dependent,Dependent,Dependent,Dependent,Dependent,Dependent,Dependent,Dependent</Qualifier>
              <Qualifier name="Offset">0 [Pa],0 [Pa],0 [Pa],0 [Pa],0 [Pa],0 [Pa],0 [Pa],0 [Pa],0 [Pa],0 [Pa],0 [Pa],0 [Pa],0 [Pa],0 [Pa],0 [Pa],0 [Pa],0 [Pa],0 [Pa],0 [Pa],0 [Pa],0 [Pa],0 [Pa],0 [Pa],0 [Pa]</Qualifier>
              <Qualifier name="Scale">1,1,1,1,1,1,1,1,1,1,1,1,1,1,1,1,1,1,1,1,1,1,1,1</Qualifier>
              <Qualifier name="Units">Pa,Pa,Pa,Pa,Pa,Pa,Pa,Pa,Pa,Pa,Pa,Pa,Pa,Pa,Pa,Pa,Pa,Pa,Pa,Pa,Pa,Pa,Pa,Pa</Qualifier>
            </ParameterValue>
            <ParameterValue parameter="pa7" format="float">
              <Data>1700,5000,34000,140000,800000,2400000,55000000,100000000,50000,350000,3700000,14000000,50000000,100000000,50000,190000,1300000,4400000,12000000,100000000,300000,1500000,12000000,100000000</Data>
              <Qualifier name="Variable Type">Independent,Independent,Independent,Independent,Independent,Independent,Independent,Independent,Independent,Independent,Independent,Independent,Independent,Independent,Independent,Independent,Independent,Independent,Independent,Independent,Independent,Independent,Independent,Independent</Qualifier>
              <Qualifier name="Offset">0,0,0,0,0,0,0,0,0,0,0,0,0,0,0,0,0,0,0,0,0,0,0,0</Qualifier>
              <Qualifier name="Scale">1,1,1,1,1,1,1,1,1,1,1,1,1,1,1,1,1,1,1,1,1,1,1,1</Qualifier>
              <Qualifier name="Units">,,,,,,,,,,,,,,,,,,,,,,,</Qualifier>
            </ParameterValue>
            <ParameterValue parameter="pa8" format="float">
              <Data>-1,-1,-1,-1,-1,-1,-1,-1,-0.5,-0.5,-0.5,-0.5,-0.5,-0.5,0,0,0,0,0,0,0.5,0.5,0.5,0.5</Data>
              <Qualifier name="Variable Type">Independent,Independent,Independent,Independent,Independent,Independent,Independent,Independent,Independent,Independent,Independent,Independent,Independent,Independent,Independent,Independent,Independent,Independent,Independent,Independent,Independent,Independent,Independent,Independent</Qualifier>
              <Qualifier name="Offset">0,0,0,0,0,0,0,0,0,0,0,0,0,0,0,0,0,0,0,0,0,0,0,0</Qualifier>
              <Qualifier name="Scale">1,1,1,1,1,1,1,1,1,1,1,1,1,1,1,1,1,1,1,1,1,1,1,1</Qualifier>
              <Qualifier name="Units">,,,,,,,,,,,,,,,,,,,,,,,</Qualifier>
            </ParameterValue>
          </PropertyData>
          <PropertyData property="pr9">
            <Data format="float">1</Data>
            <Qualifier name="Variable Type">Dependent</Qualifier>
            <Qualifier name="Offset">0</Qualifier>
            <Qualifier name="Scale">1</Qualifier>
            <Qualifier name="Units">
            </Qualifier>
          </PropertyData>
          <PropertyData property="pr10">
            <Data format="string">-</Data>
            <Qualifier name="Definition Method">Isotropic</Qualifier>
            <ParameterValue parameter="pa3" format="float">
              <Data>2.43e-08,2.67e-08,3.63e-08</Data>
              <Qualifier name="Variable Type">Dependent,Dependent,Dependent</Qualifier>
              <Qualifier name="Offset">0 [ohm m],0 [ohm m],0 [ohm m]</Qualifier>
              <Qualifier name="Scale">1,1,1</Qualifier>
              <Qualifier name="Units">ohm m,ohm m,ohm m</Qualifier>
            </ParameterValue>
            <ParameterValue parameter="pa0" format="float">
              <Data>0,20,100</Data>
              <Qualifier name="Variable Type">Independent,Independent,Independent</Qualifier>
              <Qualifier name="Offset">0 [C],0 [C],0 [C]</Qualifier>
              <Qualifier name="Scale">1,1,1</Qualifier>
              <Qualifier name="Units">C,C,C</Qualifier>
            </ParameterValue>
          </PropertyData>
          <PropertyData property="pr11">
            <Data format="string">-</Data>
            <ParameterValue parameter="pa4" format="float">
              <Data>71000000000</Data>
              <Qualifier name="Variable Type">Dependent</Qualifier>
              <Qualifier name="Offset">0 [Pa]</Qualifier>
              <Qualifier name="Scale">1</Qualifier>
              <Qualifier name="Units">Pa</Qualifier>
            </ParameterValue>
            <ParameterValue parameter="pa5" format="float">
              <Data>0.33</Data>
              <Qualifier name="Variable Type">Dependent</Qualifier>
              <Qualifier name="Offset">0</Qualifier>
              <Qualifier name="Scale">1</Qualifier>
              <Qualifier name="Units">
              </Qualifier>
            </ParameterValue>
            <ParameterValue parameter="pa0" format="float">
              <Data>7.88860905221012e-31</Data>
              <Qualifier name="Variable Type">Independent</Qualifier>
              <Qualifier name="Offset">0 [C]</Qualifier>
              <Qualifier name="Scale">1</Qualifier>
              <Qualifier name="Units">C</Qualifier>
            </ParameterValue>
          </PropertyData>
        </BulkDetails>
      </Material>
      <Metadata>
        <ParameterDetails id="pa1">
          <Name>Material Property</Name>
        </ParameterDetails>
        <ParameterDetails id="pa2">
          <Name>Thermal Conductivity</Name>
        </ParameterDetails>
        <ParameterDetails id="pa3">
          <Name>Resistivity</Name>
        </ParameterDetails>
        <ParameterDetails id="pa4">
          <Name>Young's Modulus</Name>
        </ParameterDetails>
        <ParameterDetails id="pa5">
          <Name>Poisson's Ratio</Name>
        </ParameterDetails>
        <ParameterDetails id="pa0">
          <Name>Temperature</Name>
        </ParameterDetails>
        <ParameterDetails id="pa6">
          <Name>Alternating Stress</Name>
        </ParameterDetails>
        <ParameterDetails id="pa7">
          <Name>Cycles</Name>
        </ParameterDetails>
        <ParameterDetails id="pa8">
          <Name>R-Ratio</Name>
        </ParameterDetails>
        <PropertyDetails id="pr0">
          <Name>Compressive Ultimate Strength</Name>
        </PropertyDetails>
        <PropertyDetails id="pr1">
          <Name>Compressive Yield Strength</Name>
        </PropertyDetails>
        <PropertyDetails id="pr2">
          <Name>Density</Name>
        </PropertyDetails>
        <PropertyDetails id="pr3">
          <Name>Tensile Yield Strength</Name>
        </PropertyDetails>
        <PropertyDetails id="pr4">
          <Name>Tensile Ultimate Strength</Name>
        </PropertyDetails>
        <PropertyDetails id="pr5">
          <Name>Coefficient of Thermal Expansion</Name>
        </PropertyDetails>
        <PropertyDetails id="pr6">
          <Name>Reference Temperature</Name>
        </PropertyDetails>
        <PropertyDetails id="pr7">
          <Name>Specific Heat</Name>
        </PropertyDetails>
        <PropertyDetails id="pr8">
          <Name>Thermal Conductivity</Name>
        </PropertyDetails>
        <PropertyDetails id="pr9">
          <Name>Relative Permeability</Name>
        </PropertyDetails>
        <PropertyDetails id="pr10">
          <Name>Resistivity</Name>
        </PropertyDetails>
        <PropertyDetails id="pr11">
          <Name>Isotropic Elasticity</Name>
        </PropertyDetails>
        <PropertyDetails id="pr12">
          <Name>Alternating Stress</Name>
        </PropertyDetails>
      </Metadata>
    </MatML_Doc>
  </Materials>
  <Loads />
  <BeamSections />
</EngineeringData>