<?xml version="1.0" encoding="UTF-8"?>
<ANSYS_EnggData version="9.0">
<MaterialData>
<MatML_Doc>
    <Material>
        <BulkDetails>
            <Name>Air</Name>
            <PropertyData property="pr1">
                <Data format="float">1</Data>
                <Qualifier>Relative Permeability</Qualifier>
            </PropertyData>
        </BulkDetails>
        <Metadata>
            <PropertyDetails id="pr1">
                <Name>Relative Permeability</Name>
                <Units>
                    <Unit>~</Unit>
                </Units>
            </PropertyDetails>
        </Metadata>
    </Material>
    <Material>
        <BulkDetails>
            <Name>Aluminum Alloy</Name>
            <PropertyData property="pr1">
                <Data format="float">0</Data>
                <Qualifier>Compressive Ultimate Strength</Qualifier>
            </PropertyData>
            <PropertyData property="pr2">
                <Data format="float">2.8e+008</Data>
                <Qualifier>Compressive Yield Strength</Qualifier>
            </PropertyData>
            <PropertyData property="pr3">
                <Data format="float">2770</Data>
                <Qualifier>Density</Qualifier>
            </PropertyData>
            <PropertyData property="pr4">
                <Data format="float">0.33</Data>
                <Qualifier>Poisson's Ratio</Qualifier>
            </PropertyData>
            <PropertyData property="pr5">
                <Data format="float">2.8e+008</Data>
                <Qualifier>Tensile Yield Strength</Qualifier>
            </PropertyData>
            <PropertyData property="pr6">
                <Data format="float">3.1e+008</Data>
                <Qualifier>Tensile Ultimate Strength</Qualifier>
            </PropertyData>
            <PropertyData property="pr7">
                <Data format="float">7.1e+010</Data>
                <Qualifier>Young's Modulus</Qualifier>
            </PropertyData>
            <PropertyData property="pr8">
                <Data format="float">2.3e-005</Data>
                <Qualifier>Thermal Expansion</Qualifier>
            </PropertyData>
            <PropertyData property="pr9">
                <Data format="float">875</Data>
                <Qualifier>Specific Heat</Qualifier>
            </PropertyData>
            <PropertyData property="pr10">
                <Data format="float">114,144,165,175</Data>
                <Qualifier>Thermal Conductivity</Qualifier>
                <ParameterValue parameter="pa1" format="float">-100,0,100,200</ParameterValue>
            </PropertyData>
            <PropertyData property="pr11" technique="mt1">
                <Data format="float">2.758e+008,2.413e+008,2.068e+008,1.724e+008,1.379e+008,1.172e+008,8.963e+007,8.274e+007,1.706e+008,1.396e+008,1.086e+008,8.791e+007,7.757e+007,7.239e+007,1.448e+008,1.207e+008,1.034e+008,9.308e+007,8.618e+007,7.239e+007,7.412e+007,7.067e+007,6.636e+007,6.205e+007</Data>
                <Qualifier>Alternating Stress</Qualifier>
                <ParameterValue parameter="pa2" format="float">-1,-1,-1,-1,-1,-1,-1,-1,-0.5,-0.5,-0.5,-0.5,-0.5,-0.5,0,0,0,0,0,0,0.5,0.5,0.5,0.5</ParameterValue>
                <ParameterValue parameter="pa3" format="float">1700,5000,34000,140000,800000,2.4e+006,5.5e+007,1e+008,50000,350000,3.7e+006,1.4e+007,5e+007,1e+008,50000,190000,1.3e+006,4.4e+006,1.2e+007,1e+008,300000,1.5e+006,1.2e+007,1e+008</ParameterValue>
            </PropertyData>
            <PropertyData property="pr12">
                <Data format="float">1.00</Data>
                <Qualifier>Relative Permeability</Qualifier>
            </PropertyData>
            <PropertyData property="pr13">
                <Data format="float">5.7e-008</Data>
                <Qualifier>Resistivity</Qualifier>
            </PropertyData>
        </BulkDetails>
        <Metadata>
            <PropertyDetails id="pr1">
                <Name>Compressive Ultimate Strength</Name>
                <Units>
                    <Unit>Pa</Unit>
                </Units>
            </PropertyDetails>
            <PropertyDetails id="pr2">
                <Name>Compressive Yield Strength</Name>
                <Units>
                    <Unit>Pa</Unit>
                </Units>
            </PropertyDetails>
            <PropertyDetails id="pr3">
                <Name>Density</Name>
                <Units>
                    <Unit>kg</Unit>
                    <Unit factor="-1">m</Unit>
                    <Unit factor="-1">m</Unit>
                    <Unit factor="-1">m</Unit>
                </Units>
            </PropertyDetails>
            <PropertyDetails id="pr4">
                <Name>Poisson's Ratio</Name>
                <Unitless/>
            </PropertyDetails>
            <PropertyDetails id="pr5">
                <Name>Tensile Yield Strength</Name>
                <Units>
                    <Unit>Pa</Unit>
                </Units>
            </PropertyDetails>
            <PropertyDetails id="pr6">
                <Name>Tensile Ultimate Strength</Name>
                <Units>
                    <Unit>Pa</Unit>
                </Units>
            </PropertyDetails>
            <PropertyDetails id="pr7">
                <Name>Young's Modulus</Name>
                <Units>
                    <Unit>Pa</Unit>
                </Units>
            </PropertyDetails>
            <PropertyDetails id="pr8">
                <Name>Thermal Expansion</Name>
                <Units>
                    <Unit factor="-1">C</Unit>
                </Units>
            </PropertyDetails>
            <PropertyDetails id="pr9">
                <Name>Specific Heat</Name>
                <Units>
                    <Unit>J</Unit>
                    <Unit factor="-1">kg</Unit>
                    <Unit factor="-1">C</Unit>
                </Units>
            </PropertyDetails>
            <ParameterDetails id="pa1">
                <Name>Temperature</Name>
                <Units>
                    <Unit>C</Unit>
                </Units>
            </ParameterDetails>
            <PropertyDetails id="pr10">
                <Name>Thermal Conductivity</Name>
                <Units>
                    <Unit>W</Unit>
                    <Unit factor="-1">m</Unit>
                    <Unit factor="-1">C</Unit>
                </Units>
            </PropertyDetails>
            <ParameterDetails id="pa2">
                <Name>R-Ratio</Name>
                <Unitless/>
            </ParameterDetails>
            <ParameterDetails id="pa3">
                <Name>Cycles</Name>
                <Unitless/>
            </ParameterDetails>
            <PropertyDetails id="pr11">
                <Name>Alternating Stress</Name>
                <Units>
                    <Unit>Pa</Unit>
                </Units>
            </PropertyDetails>
            <MeasurementTechniqueDetails id="mt1">
                <Name>Semi-Log</Name>
            </MeasurementTechniqueDetails>
            <PropertyDetails id="pr12">
                <Name>Relative Permeability</Name>
                <Units>
                    <Unit>~</Unit>
                </Units>
            </PropertyDetails>
            <PropertyDetails id="pr13">
                <Name>Resistivity</Name>
                <Units>
                    <Unit>m</Unit>
                    <Unit>m</Unit>
                    <Unit>m</Unit>
                    <Unit>kg</Unit>
                    <Unit factor="-1">sec</Unit>
                    <Unit factor="-1">sec</Unit>
                    <Unit factor="-1">sec</Unit>
                    <Unit factor="-1">A</Unit>
                    <Unit factor="-1">A</Unit>
                </Units>
            </PropertyDetails>
        </Metadata>
    </Material>
    <Material>
        <BulkDetails>
            <Name>Concrete</Name>
            <PropertyData property="pr1">
                <Data format="float">4.1e+007</Data>
                <Qualifier>Compressive Ultimate Strength</Qualifier>
            </PropertyData>
            <PropertyData property="pr2">
                <Data format="float">0</Data>
                <Qualifier>Compressive Yield Strength</Qualifier>
            </PropertyData>
            <PropertyData property="pr3">
                <Data format="float">2300</Data>
                <Qualifier>Density</Qualifier>
            </PropertyData>
            <PropertyData property="pr4">
                <Data format="float">0.18</Data>
                <Qualifier>Poisson's Ratio</Qualifier>
            </PropertyData>
            <PropertyData property="pr5">
                <Data format="float">0</Data>
                <Qualifier>Tensile Yield Strength</Qualifier>
            </PropertyData>
            <PropertyData property="pr6">
                <Data format="float">5e+006</Data>
                <Qualifier>Tensile Ultimate Strength</Qualifier>
            </PropertyData>
            <PropertyData property="pr7">
                <Data format="float">3e+010</Data>
                <Qualifier>Young's Modulus</Qualifier>
            </PropertyData>
            <PropertyData property="pr8">
                <Data format="float">1.4e-005</Data>
                <Qualifier>Thermal Expansion</Qualifier>
            </PropertyData>
            <PropertyData property="pr9">
                <Data format="float">780</Data>
                <Qualifier>Specific Heat</Qualifier>
            </PropertyData>
            <PropertyData property="pr10">
                <Data format="float">0.72</Data>
                <Qualifier>Thermal Conductivity</Qualifier>
                <ParameterValue parameter="pa1" format="float">21</ParameterValue>
            </PropertyData>
        </BulkDetails>
        <Metadata>
            <PropertyDetails id="pr1">
                <Name>Compressive Ultimate Strength</Name>
                <Units>
                    <Unit>Pa</Unit>
                </Units>
            </PropertyDetails>
            <PropertyDetails id="pr2">
                <Name>Compressive Yield Strength</Name>
                <Units>
                    <Unit>Pa</Unit>
                </Units>
            </PropertyDetails>
            <PropertyDetails id="pr3">
                <Name>Density</Name>
                <Units>
                    <Unit>kg</Unit>
                    <Unit factor="-1">m</Unit>
                    <Unit factor="-1">m</Unit>
                    <Unit factor="-1">m</Unit>
                </Units>
            </PropertyDetails>
            <PropertyDetails id="pr4">
                <Name>Poisson's Ratio</Name>
                <Unitless/>
            </PropertyDetails>
            <PropertyDetails id="pr5">
                <Name>Tensile Yield Strength</Name>
                <Units>
                    <Unit>Pa</Unit>
                </Units>
            </PropertyDetails>
            <PropertyDetails id="pr6">
                <Name>Tensile Ultimate Strength</Name>
                <Units>
                    <Unit>Pa</Unit>
                </Units>
            </PropertyDetails>
            <PropertyDetails id="pr7">
                <Name>Young's Modulus</Name>
                <Units>
                    <Unit>Pa</Unit>
                </Units>
            </PropertyDetails>
            <PropertyDetails id="pr8">
                <Name>Thermal Expansion</Name>
                <Units>
                    <Unit factor="-1">C</Unit>
                </Units>
            </PropertyDetails>
            <PropertyDetails id="pr9">
                <Name>Specific Heat</Name>
                <Units>
                    <Unit>J</Unit>
                    <Unit factor="-1">kg</Unit>
                    <Unit factor="-1">C</Unit>
                </Units>
            </PropertyDetails>
            <ParameterDetails id="pa1">
                <Name>Temperature</Name>
                <Units>
                    <Unit>C</Unit>
                </Units>
            </ParameterDetails>
            <PropertyDetails id="pr10">
                <Name>Thermal Conductivity</Name>
                <Units>
                    <Unit>W</Unit>
                    <Unit factor="-1">m</Unit>
                    <Unit factor="-1">C</Unit>
                </Units>
            </PropertyDetails>
        </Metadata>
    </Material>
    <Material>
        <BulkDetails>
            <Name>Copper Alloy</Name>
            <PropertyData property="pr1">
                <Data format="float">0</Data>
                <Qualifier>Compressive Ultimate Strength</Qualifier>
            </PropertyData>
            <PropertyData property="pr2">
                <Data format="float">2.8e+008</Data>
                <Qualifier>Compressive Yield Strength</Qualifier>
            </PropertyData>
            <PropertyData property="pr3">
                <Data format="float">8300</Data>
                <Qualifier>Density</Qualifier>
            </PropertyData>
            <PropertyData property="pr4">
                <Data format="float">0.34</Data>
                <Qualifier>Poisson's Ratio</Qualifier>
            </PropertyData>
            <PropertyData property="pr5">
                <Data format="float">2.8e+008</Data>
                <Qualifier>Tensile Yield Strength</Qualifier>
            </PropertyData>
            <PropertyData property="pr6">
                <Data format="float">4.3e+008</Data>
                <Qualifier>Tensile Ultimate Strength</Qualifier>
            </PropertyData>
            <PropertyData property="pr7">
                <Data format="float">1.1e+011</Data>
                <Qualifier>Young's Modulus</Qualifier>
            </PropertyData>
            <PropertyData property="pr8">
                <Data format="float">1.8e-005</Data>
                <Qualifier>Thermal Expansion</Qualifier>
            </PropertyData>
            <PropertyData property="pr9">
                <Data format="float">385</Data>
                <Qualifier>Specific Heat</Qualifier>
            </PropertyData>
            <PropertyData property="pr10">
                <Data format="float">401</Data>
                <Qualifier>Thermal Conductivity</Qualifier>
                <ParameterValue parameter="pa1" format="float">21</ParameterValue>
            </PropertyData>
            <PropertyData property="pr11">
                <Data format="float">1</Data>
                <Qualifier>Relative Permeability</Qualifier>
            </PropertyData>
            <PropertyData property="pr12">
                <Data format="float">1.724e-008</Data>
                <Qualifier>Resistivity</Qualifier>
            </PropertyData>
        </BulkDetails>
        <Metadata>
            <PropertyDetails id="pr1">
                <Name>Compressive Ultimate Strength</Name>
                <Units>
                    <Unit>Pa</Unit>
                </Units>
            </PropertyDetails>
            <PropertyDetails id="pr2">
                <Name>Compressive Yield Strength</Name>
                <Units>
                    <Unit>Pa</Unit>
                </Units>
            </PropertyDetails>
            <PropertyDetails id="pr3">
                <Name>Density</Name>
                <Units>
                    <Unit>kg</Unit>
                    <Unit factor="-1">m</Unit>
                    <Unit factor="-1">m</Unit>
                    <Unit factor="-1">m</Unit>
                </Units>
            </PropertyDetails>
            <PropertyDetails id="pr4">
                <Name>Poisson's Ratio</Name>
                <Unitless/>
            </PropertyDetails>
            <PropertyDetails id="pr5">
                <Name>Tensile Yield Strength</Name>
                <Units>
                    <Unit>Pa</Unit>
                </Units>
            </PropertyDetails>
            <PropertyDetails id="pr6">
                <Name>Tensile Ultimate Strength</Name>
                <Units>
                    <Unit>Pa</Unit>
                </Units>
            </PropertyDetails>
            <PropertyDetails id="pr7">
                <Name>Young's Modulus</Name>
                <Units>
                    <Unit>Pa</Unit>
                </Units>
            </PropertyDetails>
            <PropertyDetails id="pr8">
                <Name>Thermal Expansion</Name>
                <Units>
                    <Unit factor="-1">C</Unit>
                </Units>
            </PropertyDetails>
            <PropertyDetails id="pr9">
                <Name>Specific Heat</Name>
                <Units>
                    <Unit>J</Unit>
                    <Unit factor="-1">kg</Unit>
                    <Unit factor="-1">C</Unit>
                </Units>
            </PropertyDetails>
            <ParameterDetails id="pa1">
                <Name>Temperature</Name>
                <Units>
                    <Unit>C</Unit>
                </Units>
            </ParameterDetails>
            <PropertyDetails id="pr10">
                <Name>Thermal Conductivity</Name>
                <Units>
                    <Unit>W</Unit>
                    <Unit factor="-1">C</Unit>
                    <Unit factor="-1">m</Unit>
                </Units>
            </PropertyDetails>
            <PropertyDetails id="pr11">
                <Name>Relative Permeability</Name>
                <Units>
                    <Unit>~</Unit>
                </Units>
            </PropertyDetails>
            <PropertyDetails id="pr12">
                <Name>Resistivity</Name>
                <Units>
                    <Unit>m</Unit>
                    <Unit>m</Unit>
                    <Unit>m</Unit>
                    <Unit>kg</Unit>
                    <Unit factor="-1">sec</Unit>
                    <Unit factor="-1">sec</Unit>
                    <Unit factor="-1">sec</Unit>
                    <Unit factor="-1">A</Unit>
                    <Unit factor="-1">A</Unit>
                </Units>
            </PropertyDetails>
        </Metadata>
    </Material>
    <Material>
        <BulkDetails>
            <Name>Gray Cast Iron</Name>
            <PropertyData property="pr1">
                <Data format="float">8.2e+008</Data>
                <Qualifier>Compressive Ultimate Strength</Qualifier>
            </PropertyData>
            <PropertyData property="pr2">
                <Data format="float">0</Data>
                <Qualifier>Compressive Yield Strength</Qualifier>
            </PropertyData>
            <PropertyData property="pr3">
                <Data format="float">7200</Data>
                <Qualifier>Density</Qualifier>
            </PropertyData>
            <PropertyData property="pr4">
                <Data format="float">0.28</Data>
                <Qualifier>Poisson's Ratio</Qualifier>
            </PropertyData>
            <PropertyData property="pr5">
                <Data format="float">0</Data>
                <Qualifier>Tensile Yield Strength</Qualifier>
            </PropertyData>
            <PropertyData property="pr6">
                <Data format="float">2.4e+008</Data>
                <Qualifier>Tensile Ultimate Strength</Qualifier>
            </PropertyData>
            <PropertyData property="pr7">
                <Data format="float">1.1e+011</Data>
                <Qualifier>Young's Modulus</Qualifier>
            </PropertyData>
            <PropertyData property="pr8">
                <Data format="float">1.1e-005</Data>
                <Qualifier>Thermal Expansion</Qualifier>
            </PropertyData>
            <PropertyData property="pr9">
                <Data format="float">447</Data>
                <Qualifier>Specific Heat</Qualifier>
            </PropertyData>
            <PropertyData property="pr10">
                <Data format="float">52</Data>
                <Qualifier>Thermal Conductivity</Qualifier>
                <ParameterValue parameter="pa1" format="float">20</ParameterValue>
            </PropertyData>
            <PropertyData property="pr11">
                <Data format="float">10000.00</Data>
                <Qualifier>Relative Permeability</Qualifier>
            </PropertyData>
            <PropertyData property="pr12">
                <Data format="float">9.6e-008</Data>
                <Qualifier>Resistivity</Qualifier>
            </PropertyData>
        </BulkDetails>
        <Metadata>
            <PropertyDetails id="pr1">
                <Name>Compressive Ultimate Strength</Name>
                <Units>
                    <Unit>Pa</Unit>
                </Units>
            </PropertyDetails>
            <PropertyDetails id="pr2">
                <Name>Compressive Yield Strength</Name>
                <Units>
                    <Unit>Pa</Unit>
                </Units>
            </PropertyDetails>
            <PropertyDetails id="pr3">
                <Name>Density</Name>
                <Units>
                    <Unit>kg</Unit>
                    <Unit factor="-1">m</Unit>
                    <Unit factor="-1">m</Unit>
                    <Unit factor="-1">m</Unit>
                </Units>
            </PropertyDetails>
            <PropertyDetails id="pr4">
                <Name>Poisson's Ratio</Name>
                <Unitless/>
            </PropertyDetails>
            <PropertyDetails id="pr5">
                <Name>Tensile Yield Strength</Name>
                <Units>
                    <Unit>Pa</Unit>
                </Units>
            </PropertyDetails>
            <PropertyDetails id="pr6">
                <Name>Tensile Ultimate Strength</Name>
                <Units>
                    <Unit>Pa</Unit>
                </Units>
            </PropertyDetails>
            <PropertyDetails id="pr7">
                <Name>Young's Modulus</Name>
                <Units>
                    <Unit>Pa</Unit>
                </Units>
            </PropertyDetails>
            <PropertyDetails id="pr8">
                <Name>Thermal Expansion</Name>
                <Units>
                    <Unit factor="-1">C</Unit>
                </Units>
            </PropertyDetails>
            <PropertyDetails id="pr9">
                <Name>Specific Heat</Name>
                <Units>
                    <Unit>J</Unit>
                    <Unit factor="-1">kg</Unit>
                    <Unit factor="-1">C</Unit>
                </Units>
            </PropertyDetails>
            <ParameterDetails id="pa1">
                <Name>Temperature</Name>
                <Units>
                    <Unit>C</Unit>
                </Units>
            </ParameterDetails>
            <PropertyDetails id="pr10">
                <Name>Thermal Conductivity</Name>
                <Units>
                    <Unit>W</Unit>
                    <Unit factor="-1">m</Unit>
                    <Unit factor="-1">C</Unit>
                </Units>
            </PropertyDetails>
            <PropertyDetails id="pr11">
                <Name>Relative Permeability</Name>
                <Units>
                    <Unit>~</Unit>
                </Units>
            </PropertyDetails>
            <PropertyDetails id="pr12">
                <Name>Resistivity</Name>
                <Units>
                    <Unit>m</Unit>
                    <Unit>m</Unit>
                    <Unit>m</Unit>
                    <Unit>kg</Unit>
                    <Unit factor="-1">sec</Unit>
                    <Unit factor="-1">sec</Unit>
                    <Unit factor="-1">sec</Unit>
                    <Unit factor="-1">A</Unit>
                    <Unit factor="-1">A</Unit>
                </Units>
            </PropertyDetails>
        </Metadata>
    </Material>
    <Material>
        <BulkDetails>
            <Name>Magnesium Alloy</Name>
            <PropertyData property="pr1">
                <Data format="float">0</Data>
                <Qualifier>Compressive Ultimate Strength</Qualifier>
            </PropertyData>
            <PropertyData property="pr2">
                <Data format="float">1.93e+008</Data>
                <Qualifier>Compressive Yield Strength</Qualifier>
            </PropertyData>
            <PropertyData property="pr3">
                <Data format="float">1800</Data>
                <Qualifier>Density</Qualifier>
            </PropertyData>
            <PropertyData property="pr4">
                <Data format="float">0.35</Data>
                <Qualifier>Poisson's Ratio</Qualifier>
            </PropertyData>
            <PropertyData property="pr5">
                <Data format="float">1.93e+008</Data>
                <Qualifier>Tensile Yield Strength</Qualifier>
            </PropertyData>
            <PropertyData property="pr6">
                <Data format="float">2.55e+008</Data>
                <Qualifier>Tensile Ultimate Strength</Qualifier>
            </PropertyData>
            <PropertyData property="pr7">
                <Data format="float">4.5e+010</Data>
                <Qualifier>Young's Modulus</Qualifier>
            </PropertyData>
            <PropertyData property="pr8">
                <Data format="float">2.6e-005</Data>
                <Qualifier>Thermal Expansion</Qualifier>
            </PropertyData>
            <PropertyData property="pr9">
                <Data format="float">1024</Data>
                <Qualifier>Specific Heat</Qualifier>
            </PropertyData>
            <PropertyData property="pr10">
                <Data format="float">156</Data>
                <Qualifier>Thermal Conductivity</Qualifier>
                <ParameterValue parameter="pa1" format="float">21</ParameterValue>
            </PropertyData>
            <PropertyData property="pr11">
                <Data format="float">10000.00</Data>
                <Qualifier>Relative Permeability</Qualifier>
            </PropertyData>
            <PropertyData property="pr12">
                <Data format="float">7.7e-007</Data>
                <Qualifier>Resistivity</Qualifier>
            </PropertyData>
        </BulkDetails>
        <Metadata>
            <PropertyDetails id="pr1">
                <Name>Compressive Ultimate Strength</Name>
                <Units>
                    <Unit>Pa</Unit>
                </Units>
            </PropertyDetails>
            <PropertyDetails id="pr2">
                <Name>Compressive Yield Strength</Name>
                <Units>
                    <Unit>Pa</Unit>
                </Units>
            </PropertyDetails>
            <PropertyDetails id="pr3">
                <Name>Density</Name>
                <Units>
                    <Unit>kg</Unit>
                    <Unit factor="-1">m</Unit>
                    <Unit factor="-1">m</Unit>
                    <Unit factor="-1">m</Unit>
                </Units>
            </PropertyDetails>
            <PropertyDetails id="pr4">
                <Name>Poisson's Ratio</Name>
                <Unitless/>
            </PropertyDetails>
            <PropertyDetails id="pr5">
                <Name>Tensile Yield Strength</Name>
                <Units>
                    <Unit>Pa</Unit>
                </Units>
            </PropertyDetails>
            <PropertyDetails id="pr6">
                <Name>Tensile Ultimate Strength</Name>
                <Units>
                    <Unit>Pa</Unit>
                </Units>
            </PropertyDetails>
            <PropertyDetails id="pr7">
                <Name>Young's Modulus</Name>
                <Units>
                    <Unit>Pa</Unit>
                </Units>
            </PropertyDetails>
            <PropertyDetails id="pr8">
                <Name>Thermal Expansion</Name>
                <Units>
                    <Unit factor="-1">C</Unit>
                </Units>
            </PropertyDetails>
            <PropertyDetails id="pr9">
                <Name>Specific Heat</Name>
                <Units>
                    <Unit>J</Unit>
                    <Unit factor="-1">kg</Unit>
                    <Unit factor="-1">C</Unit>
                </Units>
            </PropertyDetails>
            <ParameterDetails id="pa1">
                <Name>Temperature</Name>
                <Units>
                    <Unit>C</Unit>
                </Units>
            </ParameterDetails>
            <PropertyDetails id="pr10">
                <Name>Thermal Conductivity</Name>
                <Units>
                    <Unit>W</Unit>
                    <Unit factor="-1">m</Unit>
                    <Unit factor="-1">C</Unit>
                </Units>
            </PropertyDetails>
            <PropertyDetails id="pr11">
                <Name>Relative Permeability</Name>
                <Units>
                    <Unit>~</Unit>
                </Units>
            </PropertyDetails>
            <PropertyDetails id="pr12">
                <Name>Resistivity</Name>
                <Units>
                    <Unit>m</Unit>
                    <Unit>m</Unit>
                    <Unit>m</Unit>
                    <Unit>kg</Unit>
                    <Unit factor="-1">sec</Unit>
                    <Unit factor="-1">sec</Unit>
                    <Unit factor="-1">sec</Unit>
                    <Unit factor="-1">A</Unit>
                    <Unit factor="-1">A</Unit>
                </Units>
            </PropertyDetails>
        </Metadata>
    </Material>
    <Material>
        <BulkDetails>
            <Name>Polyethylene</Name>
            <PropertyData property="pr1">
                <Data format="float">0</Data>
                <Qualifier>Compressive Ultimate Strength</Qualifier>
            </PropertyData>
            <PropertyData property="pr2">
                <Data format="float">0</Data>
                <Qualifier>Compressive Yield Strength</Qualifier>
            </PropertyData>
            <PropertyData property="pr3">
                <Data format="float">950</Data>
                <Qualifier>Density</Qualifier>
            </PropertyData>
            <PropertyData property="pr4">
                <Data format="float">0.42</Data>
                <Qualifier>Poisson's Ratio</Qualifier>
            </PropertyData>
            <PropertyData property="pr5">
                <Data format="float">2.5e+007</Data>
                <Qualifier>Tensile Yield Strength</Qualifier>
            </PropertyData>
            <PropertyData property="pr6">
                <Data format="float">3.3e+007</Data>
                <Qualifier>Tensile Ultimate Strength</Qualifier>
            </PropertyData>
            <PropertyData property="pr7">
                <Data format="float">1.1e+009</Data>
                <Qualifier>Young's Modulus</Qualifier>
            </PropertyData>
            <PropertyData property="pr8">
                <Data format="float">0.00023</Data>
                <Qualifier>Thermal Expansion</Qualifier>
            </PropertyData>
            <PropertyData property="pr9">
                <Data format="float">296</Data>
                <Qualifier>Specific Heat</Qualifier>
            </PropertyData>
            <PropertyData property="pr10">
                <Data format="float">0.28</Data>
                <Qualifier>Thermal Conductivity</Qualifier>
                <ParameterValue parameter="pa1" format="float">150</ParameterValue>
            </PropertyData>
        </BulkDetails>
        <Metadata>
            <PropertyDetails id="pr1">
                <Name>Compressive Ultimate Strength</Name>
                <Units>
                    <Unit>Pa</Unit>
                </Units>
            </PropertyDetails>
            <PropertyDetails id="pr2">
                <Name>Compressive Yield Strength</Name>
                <Units>
                    <Unit>Pa</Unit>
                </Units>
            </PropertyDetails>
            <PropertyDetails id="pr3">
                <Name>Density</Name>
                <Units>
                    <Unit>kg</Unit>
                    <Unit factor="-1">m</Unit>
                    <Unit factor="-1">m</Unit>
                    <Unit factor="-1">m</Unit>
                </Units>
            </PropertyDetails>
            <PropertyDetails id="pr4">
                <Name>Poisson's Ratio</Name>
                <Unitless/>
            </PropertyDetails>
            <PropertyDetails id="pr5">
                <Name>Tensile Yield Strength</Name>
                <Units>
                    <Unit>Pa</Unit>
                </Units>
            </PropertyDetails>
            <PropertyDetails id="pr6">
                <Name>Tensile Ultimate Strength</Name>
                <Units>
                    <Unit>Pa</Unit>
                </Units>
            </PropertyDetails>
            <PropertyDetails id="pr7">
                <Name>Young's Modulus</Name>
                <Units>
                    <Unit>Pa</Unit>
                </Units>
            </PropertyDetails>
            <PropertyDetails id="pr8">
                <Name>Thermal Expansion</Name>
                <Units>
                    <Unit factor="-1">C</Unit>
                </Units>
            </PropertyDetails>
            <PropertyDetails id="pr9">
                <Name>Specific Heat</Name>
                <Units>
                    <Unit>J</Unit>
                    <Unit factor="-1">kg</Unit>
                    <Unit factor="-1">C</Unit>
                </Units>
            </PropertyDetails>
            <ParameterDetails id="pa1">
                <Name>Temperature</Name>
                <Units>
                    <Unit>C</Unit>
                </Units>
            </ParameterDetails>
            <PropertyDetails id="pr10">
                <Name>Thermal Conductivity</Name>
                <Units>
                    <Unit>W</Unit>
                    <Unit factor="-1">m</Unit>
                    <Unit factor="-1">C</Unit>
                </Units>
            </PropertyDetails>
        </Metadata>
    </Material>
    <Material>
        <BulkDetails>
            <Name>Stainless Steel</Name>
            <PropertyData property="pr1">
                <Data format="float">0</Data>
                <Qualifier>Compressive Ultimate Strength</Qualifier>
            </PropertyData>
            <PropertyData property="pr2">
                <Data format="float">2.07e+008</Data>
                <Qualifier>Compressive Yield Strength</Qualifier>
            </PropertyData>
            <PropertyData property="pr3">
                <Data format="float">7750</Data>
                <Qualifier>Density</Qualifier>
            </PropertyData>
            <PropertyData property="pr4">
                <Data format="float">0.31</Data>
                <Qualifier>Poisson's Ratio</Qualifier>
            </PropertyData>
            <PropertyData property="pr5">
                <Data format="float">2.07e+008</Data>
                <Qualifier>Tensile Yield Strength</Qualifier>
            </PropertyData>
            <PropertyData property="pr6">
                <Data format="float">5.86e+008</Data>
                <Qualifier>Tensile Ultimate Strength</Qualifier>
            </PropertyData>
            <PropertyData property="pr7">
                <Data format="float">1.93e+011</Data>
                <Qualifier>Young's Modulus</Qualifier>
            </PropertyData>
            <PropertyData property="pr8">
                <Data format="float">1.7e-005</Data>
                <Qualifier>Thermal Expansion</Qualifier>
            </PropertyData>
            <PropertyData property="pr9">
                <Data format="float">480</Data>
                <Qualifier>Specific Heat</Qualifier>
            </PropertyData>
            <PropertyData property="pr10">
                <Data format="float">15.1</Data>
                <Qualifier>Thermal Conductivity</Qualifier>
                <ParameterValue parameter="pa1" format="float">21</ParameterValue>
            </PropertyData>
            <PropertyData property="pr11">
                <Data format="float">10000.00</Data>
                <Qualifier>Relative Permeability</Qualifier>
            </PropertyData>
            <PropertyData property="pr12">
                <Data format="float">7.7e-007</Data>
                <Qualifier>Resistivity</Qualifier>
            </PropertyData>
        </BulkDetails>
        <Metadata>
            <PropertyDetails id="pr1">
                <Name>Compressive Ultimate Strength</Name>
                <Units>
                    <Unit>Pa</Unit>
                </Units>
            </PropertyDetails>
            <PropertyDetails id="pr2">
                <Name>Compressive Yield Strength</Name>
                <Units>
                    <Unit>Pa</Unit>
                </Units>
            </PropertyDetails>
            <PropertyDetails id="pr3">
                <Name>Density</Name>
                <Units>
                    <Unit>kg</Unit>
                    <Unit factor="-1">m</Unit>
                    <Unit factor="-1">m</Unit>
                    <Unit factor="-1">m</Unit>
                </Units>
            </PropertyDetails>
            <PropertyDetails id="pr4">
                <Name>Poisson's Ratio</Name>
                <Unitless/>
            </PropertyDetails>
            <PropertyDetails id="pr5">
                <Name>Tensile Yield Strength</Name>
                <Units>
                    <Unit>Pa</Unit>
                </Units>
            </PropertyDetails>
            <PropertyDetails id="pr6">
                <Name>Tensile Ultimate Strength</Name>
                <Units>
                    <Unit>Pa</Unit>
                </Units>
            </PropertyDetails>
            <PropertyDetails id="pr7">
                <Name>Young's Modulus</Name>
                <Units>
                    <Unit>Pa</Unit>
                </Units>
            </PropertyDetails>
            <PropertyDetails id="pr8">
                <Name>Thermal Expansion</Name>
                <Units>
                    <Unit factor="-1">C</Unit>
                </Units>
            </PropertyDetails>
            <PropertyDetails id="pr9">
                <Name>Specific Heat</Name>
                <Units>
                    <Unit>J</Unit>
                    <Unit factor="-1">kg</Unit>
                    <Unit factor="-1">C</Unit>
                </Units>
            </PropertyDetails>
            <ParameterDetails id="pa1">
                <Name>Temperature</Name>
                <Units>
                    <Unit>C</Unit>
                </Units>
            </ParameterDetails>
            <PropertyDetails id="pr10">
                <Name>Thermal Conductivity</Name>
                <Units>
                    <Unit>W</Unit>
                    <Unit factor="-1">m</Unit>
                    <Unit factor="-1">C</Unit>
                </Units>
            </PropertyDetails>
            <PropertyDetails id="pr11">
                <Name>Relative Permeability</Name>
                <Units>
                    <Unit>~</Unit>
                </Units>
            </PropertyDetails>
            <PropertyDetails id="pr12">
                <Name>Resistivity</Name>
                <Units>
                    <Unit>m</Unit>
                    <Unit>m</Unit>
                    <Unit>m</Unit>
                    <Unit>kg</Unit>
                    <Unit factor="-1">sec</Unit>
                    <Unit factor="-1">sec</Unit>
                    <Unit factor="-1">sec</Unit>
                    <Unit factor="-1">A</Unit>
                    <Unit factor="-1">A</Unit>
                </Units>
            </PropertyDetails>
        </Metadata>
    </Material>
    <Material>
        <BulkDetails>
            <Name>Structural Steel</Name>
            <PropertyData property="pr1">
                <Data format="float">0</Data>
                <Qualifier>Compressive Ultimate Strength</Qualifier>
            </PropertyData>
            <PropertyData property="pr2">
                <Data format="float">2.5e+008</Data>
                <Qualifier>Compressive Yield Strength</Qualifier>
            </PropertyData>
            <PropertyData property="pr3">
                <Data format="float">7850</Data>
                <Qualifier>Density</Qualifier>
            </PropertyData>
            <PropertyData property="pr4">
                <Data format="float">0.2</Data>
                <Qualifier>Ductility</Qualifier>
            </PropertyData>
            <PropertyData property="pr5">
                <Data format="float">0.3</Data>
                <Qualifier>Poisson's Ratio</Qualifier>
            </PropertyData>
            <PropertyData property="pr6">
                <Data format="float">2.5e+008</Data>
                <Qualifier>Tensile Yield Strength</Qualifier>
            </PropertyData>
            <PropertyData property="pr7">
                <Data format="float">4.6e+008</Data>
                <Qualifier>Tensile Ultimate Strength</Qualifier>
            </PropertyData>
            <PropertyData property="pr8">
                <Data format="float">2e+011</Data>
                <Qualifier>Young's Modulus</Qualifier>
            </PropertyData>
            <PropertyData property="pr9">
                <Data format="float">1.2e-005</Data>
                <Qualifier>Thermal Expansion</Qualifier>
            </PropertyData>
            <PropertyData property="pr10">
                <Data format="float">434</Data>
                <Qualifier>Specific Heat</Qualifier>
            </PropertyData>
            <PropertyData property="pr11">
                <Data format="float">60.5</Data>
                <Qualifier>Thermal Conductivity</Qualifier>
                <ParameterValue parameter="pa1" format="float">21</ParameterValue>
            </PropertyData>
            <PropertyData property="pr12" technique="mt1">
                <Data format="float">3.999e+009,2.827e+009,1.896e+009,1.413e+009,1.069e+009,4.41e+008,2.62e+008,2.14e+008,1.38e+008,1.14e+008,8.62e+007</Data>
                <Qualifier>Alternating Stress</Qualifier>
                <ParameterValue parameter="pa2" format="float">0,0,0,0,0,0,0,0,0,0,0</ParameterValue>
                <ParameterValue parameter="pa3" format="float">10,20,50,100,200,2000,10000,20000,100000,200000,1e+006</ParameterValue>
            </PropertyData>
            <PropertyData property="pr13">
                <Data format="float">9.2e+008</Data>
                <Qualifier>Strength Coefficient</Qualifier>
            </PropertyData>
            <PropertyData property="pr13">
                <Data format="float">-0.106</Data>
                <Qualifier>Strength Exponent</Qualifier>
            </PropertyData>
            <PropertyData property="pr13">
                <Data format="float">0.213</Data>
                <Qualifier>Ductility Coefficient</Qualifier>
            </PropertyData>
            <PropertyData property="pr13">
                <Data format="float">-0.47</Data>
                <Qualifier>Ductility Exponent</Qualifier>
            </PropertyData>
            <PropertyData property="pr13">
                <Data format="float">1.0e+009</Data>
                <Qualifier>Cyclic Strength Coefficient</Qualifier>
            </PropertyData>
            <PropertyData property="pr13">
                <Data format="float">.2</Data>
                <Qualifier>Cyclic Strain Hardening Exponent</Qualifier>
            </PropertyData>
            <PropertyData property="pr14">
                <Data format="float">10000.00</Data>
                <Qualifier>Relative Permeability</Qualifier>
            </PropertyData>
            <PropertyData property="pr15">
                <Data format="float">1.7e-007</Data>
                <Qualifier>Resistivity</Qualifier>
            </PropertyData>
        </BulkDetails>
        <Metadata>
            <PropertyDetails id="pr1">
                <Name>Compressive Ultimate Strength</Name>
                <Units>
                    <Unit>Pa</Unit>
                </Units>
            </PropertyDetails>
            <PropertyDetails id="pr2">
                <Name>Compressive Yield Strength</Name>
                <Units>
                    <Unit>Pa</Unit>
                </Units>
            </PropertyDetails>
            <PropertyDetails id="pr3">
                <Name>Density</Name>
                <Units>
                    <Unit>kg</Unit>
                    <Unit factor="-1">m</Unit>
                    <Unit factor="-1">m</Unit>
                    <Unit factor="-1">m</Unit>
                </Units>
            </PropertyDetails>
            <PropertyDetails id="pr4">
                <Name>Ductility</Name>
                <Unitless/>
            </PropertyDetails>
            <PropertyDetails id="pr5">
                <Name>Poisson's Ratio</Name>
                <Unitless/>
            </PropertyDetails>
            <PropertyDetails id="pr6">
                <Name>Tensile Yield Strength</Name>
                <Units>
                    <Unit>Pa</Unit>
                </Units>
            </PropertyDetails>
            <PropertyDetails id="pr7">
                <Name>Tensile Ultimate Strength</Name>
                <Units>
                    <Unit>Pa</Unit>
                </Units>
            </PropertyDetails>
            <PropertyDetails id="pr8">
                <Name>Young's Modulus</Name>
                <Units>
                    <Unit>Pa</Unit>
                </Units>
            </PropertyDetails>
            <PropertyDetails id="pr9">
                <Name>Thermal Expansion</Name>
                <Units>
                    <Unit factor="-1">C</Unit>
                </Units>
            </PropertyDetails>
            <PropertyDetails id="pr10">
                <Name>Specific Heat</Name>
                <Units>
                    <Unit>J</Unit>
                    <Unit factor="-1">kg</Unit>
                    <Unit factor="-1">C</Unit>
                </Units>
            </PropertyDetails>
            <ParameterDetails id="pa1">
                <Name>Temperature</Name>
                <Units>
                    <Unit>C</Unit>
                </Units>
            </ParameterDetails>
            <PropertyDetails id="pr11">
                <Name>Thermal Conductivity</Name>
                <Units>
                    <Unit>W</Unit>
                    <Unit factor="-1">m</Unit>
                    <Unit factor="-1">C</Unit>
                </Units>
            </PropertyDetails>
            <ParameterDetails id="pa2">
                <Name>Mean Stress</Name>
                <Unitless/>
            </ParameterDetails>
            <ParameterDetails id="pa3">
                <Name>Cycles</Name>
                <Unitless/>
            </ParameterDetails>
            <PropertyDetails id="pr12">
                <Name>Alternating Stress</Name>
                <Units>
                    <Unit>Pa</Unit>
                </Units>
            </PropertyDetails>
            <MeasurementTechniqueDetails id="mt1">
                <Name>Log-Log</Name>
            </MeasurementTechniqueDetails>
            <PropertyDetails id="pr13">
                <Name>Strain-Life Parameters</Name>
                <Unitless/>
            </PropertyDetails>
            <PropertyDetails id="pr14">
                <Name>Relative Permeability</Name>
                <Units>
                    <Unit>~</Unit>
                </Units>
            </PropertyDetails>
            <PropertyDetails id="pr15">
                <Name>Resistivity</Name>
                <Units>
                    <Unit>m</Unit>
                    <Unit>m</Unit>
                    <Unit>m</Unit>
                    <Unit>kg</Unit>
                    <Unit factor="-1">sec</Unit>
                    <Unit factor="-1">sec</Unit>
                    <Unit factor="-1">sec</Unit>
                    <Unit factor="-1">A</Unit>
                    <Unit factor="-1">A</Unit>
                </Units>
            </PropertyDetails>
        </Metadata>
    </Material>
    <Material>
        <BulkDetails>
            <Name>Titanium Alloy</Name>
            <PropertyData property="pr1">
                <Data format="float">0</Data>
                <Qualifier>Compressive Ultimate Strength</Qualifier>
            </PropertyData>
            <PropertyData property="pr2">
                <Data format="float">9.3e+008</Data>
                <Qualifier>Compressive Yield Strength</Qualifier>
            </PropertyData>
            <PropertyData property="pr3">
                <Data format="float">4620</Data>
                <Qualifier>Density</Qualifier>
            </PropertyData>
            <PropertyData property="pr4">
                <Data format="float">0.36</Data>
                <Qualifier>Poisson's Ratio</Qualifier>
            </PropertyData>
            <PropertyData property="pr5">
                <Data format="float">9.3e+008</Data>
                <Qualifier>Tensile Yield Strength</Qualifier>
            </PropertyData>
            <PropertyData property="pr6">
                <Data format="float">1.07e+009</Data>
                <Qualifier>Tensile Ultimate Strength</Qualifier>
            </PropertyData>
            <PropertyData property="pr7">
                <Data format="float">9.6e+010</Data>
                <Qualifier>Young's Modulus</Qualifier>
            </PropertyData>
            <PropertyData property="pr8">
                <Data format="float">9.4e-006</Data>
                <Qualifier>Thermal Expansion</Qualifier>
            </PropertyData>
            <PropertyData property="pr9">
                <Data format="float">522</Data>
                <Qualifier>Specific Heat</Qualifier>
            </PropertyData>
            <PropertyData property="pr10">
                <Data format="float">21.9</Data>
                <Qualifier>Thermal Conductivity</Qualifier>
                <ParameterValue parameter="pa1" format="float">21</ParameterValue>
            </PropertyData>
            <PropertyData property="pr11">
                <Data format="float">10000.00</Data>
                <Qualifier>Relative Permeability</Qualifier>
            </PropertyData>
            <PropertyData property="pr12">
                <Data format="float">1.7e-006</Data>
                <Qualifier>Resistivity</Qualifier>
            </PropertyData>
        </BulkDetails>
        <Metadata>
            <PropertyDetails id="pr1">
                <Name>Compressive Ultimate Strength</Name>
                <Units>
                    <Unit>Pa</Unit>
                </Units>
            </PropertyDetails>
            <PropertyDetails id="pr2">
                <Name>Compressive Yield Strength</Name>
                <Units>
                    <Unit>Pa</Unit>
                </Units>
            </PropertyDetails>
            <PropertyDetails id="pr3">
                <Name>Density</Name>
                <Units>
                    <Unit>kg</Unit>
                    <Unit factor="-1">m</Unit>
                    <Unit factor="-1">m</Unit>
                    <Unit factor="-1">m</Unit>
                </Units>
            </PropertyDetails>
            <PropertyDetails id="pr4">
                <Name>Poisson's Ratio</Name>
                <Unitless/>
            </PropertyDetails>
            <PropertyDetails id="pr5">
                <Name>Tensile Yield Strength</Name>
                <Units>
                    <Unit>Pa</Unit>
                </Units>
            </PropertyDetails>
            <PropertyDetails id="pr6">
                <Name>Tensile Ultimate Strength</Name>
                <Units>
                    <Unit>Pa</Unit>
                </Units>
            </PropertyDetails>
            <PropertyDetails id="pr7">
                <Name>Young's Modulus</Name>
                <Units>
                    <Unit>Pa</Unit>
                </Units>
            </PropertyDetails>
            <PropertyDetails id="pr8">
                <Name>Thermal Expansion</Name>
                <Units>
                    <Unit factor="-1">C</Unit>
                </Units>
            </PropertyDetails>
            <PropertyDetails id="pr9">
                <Name>Specific Heat</Name>
                <Units>
                    <Unit>J</Unit>
                    <Unit factor="-1">kg</Unit>
                    <Unit factor="-1">C</Unit>
                </Units>
            </PropertyDetails>
            <ParameterDetails id="pa1">
                <Name>Temperature</Name>
                <Units>
                    <Unit>C</Unit>
                </Units>
            </ParameterDetails>
            <PropertyDetails id="pr10">
                <Name>Thermal Conductivity</Name>
                <Units>
                    <Unit>W</Unit>
                    <Unit factor="-1">m</Unit>
                    <Unit factor="-1">C</Unit>
                </Units>
            </PropertyDetails>
            <PropertyDetails id="pr11">
                <Name>Relative Permeability</Name>
                <Units>
                    <Unit>~</Unit>
                </Units>
            </PropertyDetails>
            <PropertyDetails id="pr12">
                <Name>Resistivity</Name>
                <Units>
                    <Unit>m</Unit>
                    <Unit>m</Unit>
                    <Unit>m</Unit>
                    <Unit>kg</Unit>
                    <Unit factor="-1">sec</Unit>
                    <Unit factor="-1">sec</Unit>
                    <Unit factor="-1">sec</Unit>
                    <Unit factor="-1">A</Unit>
                    <Unit factor="-1">A</Unit>
                </Units>
            </PropertyDetails>
        </Metadata>
    </Material>
    <Material>
	<BulkDetails>
		<Name>Neoprene Rubber</Name>
		<PropertyData property="pr1">
			<Data format="float">10691.01486,16800.46169,21382.71919,29019.35536,36655.99154,41237.55956,47347.0064,61093.08941,73311.2936,85530.18728,111494.4745,137458.7617,161895.8596,189388.0256,213825.1235,238262.2213,264226.5085,290190.7957,314627.8936,340592.1808,366557.1575,392521.4447,442922.8298</Data>
			<Qualifier>Stress</Qualifier>
			<ParameterValue parameter="pa1" format="float">0.1338,0.2675,0.3567,0.6242,0.8917,1.1592,1.4268,2.051,2.586,3.0318,3.7898,4.3694,4.8153,5.172,5.4395,5.707,5.9299,6.0637,6.1975,6.3312,6.465,6.5541,6.6433</ParameterValue>
		</PropertyData>
		<PropertyData property="pr2">
			<Data format="float">6470.042784,10962.6684,16607.40841,18078.06072,22918.18224,30528.61833,35735.54108,45521.96342,53637.09594,67470.05293,87115.98208,101217.8347,119968.824,138624.6656,154788.741,169976.5183</Data>
			<Qualifier>Stress</Qualifier>
			<ParameterValue parameter="pa2" format="float">0.02,0.06,0.11,0.14,0.2,0.31,0.42,0.68,0.94,1.49,2.03,2.43,2.75,3.07,3.26,3.45</ParameterValue>
		</PropertyData>
		<PropertyData property="pr3">
			<Data format="float">11031.616,16547.424,23166.3936,28957.992,41368.56,53779.128,66189.696,76669.7312,89356.0896,102594.0288,114315.1208,125484.632</Data>
			<Qualifier>Stress</Qualifier>
			<ParameterValue parameter="pa3" format="float">0.1034,0.1724,0.2828,0.4276,0.8483,1.3862,2,2.4897,3.0345,3.4483,3.7793,4.0621</ParameterValue>
		</PropertyData>
		<PropertyData property="pr4">
			<Data format="float">1593379.036,1207961.952,814960.632,413685.6</Data>
			<Qualifier>Stress</Qualifier>
			<ParameterValue parameter="pa4" format="float">0.8847,0.9127,0.9412,0.9703</ParameterValue>
		</PropertyData>
                <PropertyData property="pr5" technique="mt1">
                        <Data format="float">27104.45589758</Data>
                        <Qualifier>Initial Shear Modulus Mu</Qualifier>
                </PropertyData>
                <PropertyData property="pr5" technique="mt2">
                        <Data format="float">1.4428969395746e-007</Data>
                        <Qualifier>Incompressibility Parameter D1</Qualifier>
                </PropertyData>
	</BulkDetails>
	<Metadata>
		<ParameterDetails id="pa1">
			<Name>Strain</Name>
			<Unitless/>
		</ParameterDetails>
		<PropertyDetails id="pr1">
			<Name>Uniaxial Test Data</Name>
			<Units>
				<Unit>Pa</Unit>
			</Units>
		</PropertyDetails>
		<ParameterDetails id="pa2">
			<Name>Strain</Name>
			<Unitless/>
		</ParameterDetails>
		<PropertyDetails id="pr2">
			<Name>Biaxial Test Data</Name>
			<Units>
				<Unit>Pa</Unit>
			</Units>
		</PropertyDetails>
		<ParameterDetails id="pa3">
			<Name>Strain</Name>
			<Unitless/>
		</ParameterDetails>
		<PropertyDetails id="pr3">
			<Name>Shear Test Data</Name>
			<Units>
				<Unit>Pa</Unit>
			</Units>
		</PropertyDetails>
		<ParameterDetails id="pa4">
			<Name>Strain</Name>
			<Unitless/>
		</ParameterDetails>
		<PropertyDetails id="pr4">
			<Name>Volumetric Test Data</Name>
			<Units>
				<Unit>Pa</Unit>
			</Units>
		</PropertyDetails>
                <MeasurementTechniqueDetails id="mt1">
                        <Name>Normalized Error</Name>
                </MeasurementTechniqueDetails>
                <MeasurementTechniqueDetails id="mt2">
                        <Name>Normalized Error</Name>
                </MeasurementTechniqueDetails>
                <PropertyDetails id="pr5">
                        <Name>Neo-Hookean</Name>
                        <Units>
                               <Unit factor="-1">Pa</Unit>
                        </Units>
                </PropertyDetails>
	</Metadata>
    </Material>
</MatML_Doc>
</MaterialData>
<ConvectionData>
<MatML_Doc>
	<Material>
		<BulkDetails>
			<Name>Stagnant Air - Horizontal Cyl</Name>
			<PropertyData property="pr1" technique="mt1">
				<Data format="float">1.24,2.67,5.76,7.25,8.3,9.84,11.01,12.4</Data>
				<Qualifier>Convection Coefficient</Qualifier>
				<ParameterValue parameter="pa1" format="float">1,10,100,200,300,500,700,1000</ParameterValue>
			</PropertyData>
		</BulkDetails>
		<Metadata>
			<ParameterDetails id="pa1">
				<Name>Temperature</Name>
				<Units>
					<Unit>C</Unit>
				</Units>
			</ParameterDetails>
			<PropertyDetails id="pr1">
				<Name>Convection Coefficient</Name>
				<Units>
					<Unit>W</Unit>
					<Unit factor="-1">C</Unit>
					<Unit factor="-1">m</Unit>
					<Unit factor="-1">m</Unit>
				</Units>
			</PropertyDetails>
			<MeasurementTechniqueDetails id="mt1">
				<Name>Average Film Temperature</Name>
			</MeasurementTechniqueDetails>
		</Metadata>
	</Material>
	<Material>
		<BulkDetails>
			<Name>Stagnant Air - Simplified Case</Name>
			<PropertyData property="pr1" technique="mt1">
				<Data format="float">5</Data>
				<Qualifier>Convection Coefficient</Qualifier>
				<ParameterValue parameter="pa1" format="float">21</ParameterValue>
			</PropertyData>
		</BulkDetails>
		<Metadata>
			<ParameterDetails id="pa1">
				<Name>Temperature</Name>
				<Units>
					<Unit>C</Unit>
				</Units>
			</ParameterDetails>
			<PropertyDetails id="pr1">
				<Name>Convection Coefficient</Name>
				<Units>
					<Unit>W</Unit>
					<Unit factor="-1">C</Unit>
					<Unit factor="-1">m</Unit>
					<Unit factor="-1">m</Unit>
				</Units>
			</PropertyDetails>
			<MeasurementTechniqueDetails id="mt1">
				<Name>Average Film Temperature</Name>
			</MeasurementTechniqueDetails>
		</Metadata>
	</Material>
	<Material>
		<BulkDetails>
			<Name>Stagnant Air - Vertical Planes1</Name>
			<PropertyData property="pr1" technique="mt1">
				<Data format="float">3.78,4.49,5.34,6.35,7.03,7.99</Data>
				<Qualifier>Convection Coefficient</Qualifier>
				<ParameterValue parameter="pa1" format="float">50,100,200,400,600,1000</ParameterValue>
			</PropertyData>
		</BulkDetails>
		<Metadata>
			<ParameterDetails id="pa1">
				<Name>Temperature</Name>
				<Units>
					<Unit>C</Unit>
				</Units>
			</ParameterDetails>
			<PropertyDetails id="pr1">
				<Name>Convection Coefficient</Name>
				<Units>
					<Unit>W</Unit>
					<Unit factor="-1">C</Unit>
					<Unit factor="-1">m</Unit>
					<Unit factor="-1">m</Unit>
				</Units>
			</PropertyDetails>
			<MeasurementTechniqueDetails id="mt1">
				<Name>Average Film Temperature</Name>
			</MeasurementTechniqueDetails>
		</Metadata>
	</Material>
	<Material>
		<BulkDetails>
			<Name>Stagnant Air - Vertical Planes2</Name>
			<PropertyData property="pr1" technique="mt1">
				<Data format="float">3.784,6.71,7.99,9.5,11.3,14.2</Data>
				<Qualifier>Convection Coefficient</Qualifier>
				<ParameterValue parameter="pa1" format="float">10,50,100,200,400,1000</ParameterValue>
			</PropertyData>
		</BulkDetails>
		<Metadata>
			<ParameterDetails id="pa1">
				<Name>Temperature</Name>
				<Units>
					<Unit>C</Unit>
				</Units>
			</ParameterDetails>
			<PropertyDetails id="pr1">
				<Name>Convection Coefficient</Name>
				<Units>
					<Unit>W</Unit>
					<Unit factor="-1">C</Unit>
					<Unit factor="-1">m</Unit>
					<Unit factor="-1">m</Unit>
				</Units>
			</PropertyDetails>
			<MeasurementTechniqueDetails id="mt1">
				<Name>Average Film Temperature</Name>
			</MeasurementTechniqueDetails>
		</Metadata>
	</Material>
	<Material>
		<BulkDetails>
			<Name>Stagnant Air - Vertical Planes</Name>
			<PropertyData property="pr1" technique="mt1">
				<Data format="float">0.95,2.05,4.41,5.56,6.36,7.54,8.43,9.5</Data>
				<Qualifier>Convection Coefficient</Qualifier>
				<ParameterValue parameter="pa1" format="float">1,10,100,200,300,500,700,1000</ParameterValue>
			</PropertyData>
		</BulkDetails>
		<Metadata>
			<ParameterDetails id="pa1">
				<Name>Temperature</Name>
				<Units>
					<Unit>C</Unit>
				</Units>
			</ParameterDetails>
			<PropertyDetails id="pr1">
				<Name>Convection Coefficient</Name>
				<Units>
					<Unit>W</Unit>
					<Unit factor="-1">C</Unit>
					<Unit factor="-1">m</Unit>
					<Unit factor="-1">m</Unit>
				</Units>
			</PropertyDetails>
			<MeasurementTechniqueDetails id="mt1">
				<Name>Average Film Temperature</Name>
			</MeasurementTechniqueDetails>
		</Metadata>
	</Material>
	<Material>
		<BulkDetails>
			<Name>Stagnant Water - Simplified Case</Name>
			<PropertyData property="pr1" technique="mt1">
				<Data format="float">1200</Data>
				<Qualifier>Convection Coefficient</Qualifier>
				<ParameterValue parameter="pa1" format="float">21</ParameterValue>
			</PropertyData>
		</BulkDetails>
		<Metadata>
			<ParameterDetails id="pa1">
				<Name>Temperature</Name>
				<Units>
					<Unit>C</Unit>
				</Units>
			</ParameterDetails>
			<PropertyDetails id="pr1">
				<Name>Convection Coefficient</Name>
				<Units>
					<Unit>W</Unit>
					<Unit factor="-1">C</Unit>
					<Unit factor="-1">m</Unit>
					<Unit factor="-1">m</Unit>
				</Units>
			</PropertyDetails>
			<MeasurementTechniqueDetails id="mt1">
				<Name>Bulk Temperature</Name>
			</MeasurementTechniqueDetails>
		</Metadata>
	</Material>
</MatML_Doc>
</ConvectionData>
</ANSYS_EnggData>
