<?xml version="1.0" encoding="UTF-8"?>
<EngineeringData version="12.0">
  <Notes />
  <Materials>
    <MatML_Doc>
      <Material>
        <BulkDetails>
          <Name>Steel</Name>
          <PropertyData property="pr0">
            <Data format="string">-</Data>
            <ParameterValue parameter="pa0" format="float">
              <Data>30000000</Data>
              <Qualifier name="Variable Type">Dependent</Qualifier>
              <Qualifier name="Offset">0 [Pa]</Qualifier>
              <Qualifier name="Scale">1</Qualifier>
              <Qualifier name="Units">psi</Qualifier>
            </ParameterValue>
            <ParameterValue parameter="pa1" format="float">
              <Data>0.3</Data>
              <Qualifier name="Variable Type">Dependent</Qualifier>
              <Qualifier name="Offset">0</Qualifier>
              <Qualifier name="Scale">1</Qualifier>
              <Qualifier name="Units">
              </Qualifier>
            </ParameterValue>
            <ParameterValue parameter="pa2" format="float">
              <Data>7.88860905221012e-31</Data>
              <Qualifier name="Variable Type">Independent</Qualifier>
              <Qualifier name="Offset">0 [C]</Qualifier>
              <Qualifier name="Scale">1</Qualifier>
              <Qualifier name="Units">C</Qualifier>
            </ParameterValue>
          </PropertyData>
        </BulkDetails>
      </Material>
      <Metadata>
        <ParameterDetails id="pa0">
          <Name>Young's Modulus</Name>
        </ParameterDetails>
        <ParameterDetails id="pa1">
          <Name>Poisson's Ratio</Name>
        </ParameterDetails>
        <ParameterDetails id="pa2">
          <Name>Temperature</Name>
        </ParameterDetails>
        <PropertyDetails id="pr0">
          <Name>Isotropic Elasticity</Name>
        </PropertyDetails>
      </Metadata>
    </MatML_Doc>
  </Materials>
  <Loads />
  <BeamSections />
</EngineeringData>